id,title,company,location,industry,posted_date,description
da-0,Senior Data Analyst,Employer 0,"Denver, CO",Technology,2026-01-01,SQL; Python; Excel; Power BI; Tableau; Snowflake. Minimum 4 years of experience. Bachelor's degree. Stakeholder management.
da-1,Senior Data Analyst,Employer 1,"Denver, CO",Technology,2026-02-02,SQL; Python; Excel; Power BI; Tableau; Snowflake. Minimum 4 years of experience. Bachelor's degree. Stakeholder management.
da-2,Senior Data Analyst,Employer 2,"Denver, CO",Technology,2026-03-03,SQL; Python; Excel; Power BI; Tableau; Snowflake. Minimum 4 years of experience. Bachelor's degree. Stakeholder management.
da-3,Senior Data Analyst,Employer 3,"Denver, CO",Technology,2026-04-04,SQL; Python; Excel; Power BI; Tableau; Snowflake. Minimum 4 years of experience. Bachelor's degree. Stakeholder management.
da-4,Senior Data Analyst,Employer 4,"Denver, CO",Technology,2026-05-05,SQL; Python; Excel; Power BI; Tableau; Snowflake. Minimum 4 years of experience. Bachelor's degree. Stakeholder management.
da-5,Senior Data Analyst,Employer 5,"Denver, CO",Technology,2026-06-06,SQL; Python; Excel; Power BI; Tableau; Snowflake. Minimum 4 years of experience. Bachelor's degree. Stakeholder management.
da-6,Senior Data Analyst,Employer 6,"Denver, CO",Technology,2026-07-07,SQL; Python; Excel; Power BI; Tableau; Snowflake. Minimum 4 years of experience. Bachelor's degree. Stakeholder management.
da-7,Senior Data Analyst,Employer 7,"Denver, CO",Technology,2026-08-08,SQL; Python; Excel; Power BI; Tableau; Snowflake. Minimum 4 years of experience. Bachelor's degree. Stakeholder management.
da-8,Senior Data Analyst,Employer 8,"Denver, CO",Technology,2026-01-09,SQL; Python; Excel; Power BI; Tableau; Snowflake. Minimum 4 years of experience. Bachelor's degree. Stakeholder management.
da-9,Senior Data Analyst,Employer 9,"Denver, CO",Technology,2026-02-10,SQL; Python; Excel; Power BI; Tableau; Snowflake. Minimum 4 years of experience. Bachelor's degree. Stakeholder management.
da-10,Senior Data Analyst,Employer 10,"Denver, CO",Technology,2026-03-11,SQL; Python; Excel; Power BI; Tableau; Snowflake. Minimum 4 years of experience. Bachelor's degree. Stakeholder management.
da-11,Senior Data Analyst,Employer 11,"Denver, CO",Technology,2026-04-12,SQL; Python; Excel; Power BI; Tableau; Snowflake. Minimum 4 years of experience. Bachelor's degree. Stakeholder management.
da-12,Senior Data Analyst,Employer 12,"Denver, CO",Technology,2026-05-13,SQL; Python; Excel; Power BI; Tableau; Snowflake. Minimum 4 years of experience. Bachelor's degree. Stakeholder management.
da-13,Senior Data Analyst,Employer 13,"Denver, CO",Technology,2026-06-14,SQL; Python; Excel; Power BI; Tableau; Snowflake. Minimum 4 years of experience. Bachelor's degree. Stakeholder management.
da-14,Senior Data Analyst,Employer 14,"Denver, CO",Technology,2026-07-15,SQL; Python; Excel; Power BI; Tableau; Snowflake. Minimum 4 years of experience. Bachelor's degree. Stakeholder management.
da-15,Senior Data Analyst,Employer 15,"Denver, CO",Technology,2026-08-16,SQL; Python; Excel; Power BI; Tableau; Snowflake. Minimum 4 years of experience. Bachelor's degree. Stakeholder management.
da-16,Senior Data Analyst,Employer 16,"Denver, CO",Technology,2026-01-17,SQL; Python; Excel; Power BI; Tableau; Snowflake. Minimum 4 years of experience. Bachelor's degree. Stakeholder management.
da-17,Senior Data Analyst,Employer 0,"Denver, CO",Technology,2026-02-18,SQL; Python; Excel; Power BI; Tableau; Snowflake. Minimum 4 years of experience. Bachelor's degree. Stakeholder management.
da-18,Senior Data Analyst,Employer 1,"Denver, CO",Technology,2026-03-19,SQL; Python; Excel; Power BI; Tableau; Snowflake. Minimum 4 years of experience. Bachelor's degree. Stakeholder management.
da-19,Senior Data Analyst,Employer 2,"Denver, CO",Technology,2026-04-20,SQL; Python; Excel; Power BI; Tableau; Snowflake. Minimum 4 years of experience. Bachelor's degree. Stakeholder management.
da-20,Senior Data Analyst,Employer 3,"Denver, CO",Technology,2026-05-01,SQL; Python; Excel; Power BI; Tableau; Snowflake. Minimum 4 years of experience. Bachelor's degree. Stakeholder management.
da-21,Senior Data Analyst,Employer 4,"Denver, CO",Technology,2026-06-02,SQL; Python; Excel; Power BI; Tableau; Snowflake. Minimum 4 years of experience. Bachelor's degree. Stakeholder management.
da-22,Senior Data Analyst,Employer 5,"Denver, CO",Technology,2026-07-03,SQL; Python; Excel; Power BI; Tableau; Snowflake. Minimum 4 years of experience. Bachelor's degree. Stakeholder management.
da-23,Senior Data Analyst,Employer 6,"Denver, CO",Technology,2026-08-04,SQL; Python; Excel; Power BI; Tableau; Snowflake. Minimum 4 years of experience. Bachelor's degree. Stakeholder management.
da-24,Senior Data Analyst,Employer 7,"Denver, CO",Technology,2026-01-05,SQL; Python; Excel; Power BI; Tableau; Snowflake. Minimum 4 years of experience. Bachelor's degree. Stakeholder management.
da-25,Senior Data Analyst,Employer 8,"Denver, CO",Technology,2026-02-06,SQL; Python; Excel; Power BI; Tableau; Snowflake. Minimum 4 years of experience. Bachelor's degree. Stakeholder management.
da-26,Senior Data Analyst,Employer 9,"Denver, CO",Technology,2026-03-07,SQL; Python; Excel; Power BI; Tableau; Snowflake. Minimum 4 years of experience. Bachelor's degree. Stakeholder management.
da-27,Senior Data Analyst,Employer 10,"Denver, CO",Technology,2026-04-08,SQL; Python; Excel; Power BI; Tableau; Snowflake. Minimum 4 years of experience. Bachelor's degree. Stakeholder management.
da-28,Senior Data Analyst,Employer 11,"Denver, CO",Technology,2026-05-09,SQL; Python; Excel; Power BI; Tableau; Snowflake. Minimum 4 years of experience. Bachelor's degree. Stakeholder management.
da-29,Senior Data Analyst,Employer 12,"Denver, CO",Technology,2026-06-10,SQL; Python; Excel; Power BI; Tableau; Snowflake. Minimum 4 years of experience. Bachelor's degree. Stakeholder management.
da-30,Senior Data Analyst,Employer 13,"Denver, CO",Technology,2026-07-11,SQL; Python; Excel; Power BI; Tableau; Snowflake. Minimum 4 years of experience. Bachelor's degree. Stakeholder management.
da-31,Senior Data Analyst,Employer 14,"Denver, CO",Technology,2026-08-12,SQL; Python; Excel; Power BI; Tableau; Snowflake. Minimum 4 years of experience. Bachelor's degree. Stakeholder management.
da-32,Senior Data Analyst,Employer 15,"Denver, CO",Technology,2026-01-13,SQL; Python; Excel; Power BI; Tableau; Snowflake. Minimum 4 years of experience. Bachelor's degree. Stakeholder management.
da-33,Senior Data Analyst,Employer 16,"Denver, CO",Technology,2026-02-14,SQL; Python; Excel; Power BI; Tableau; Snowflake. Minimum 4 years of experience. Bachelor's degree. Stakeholder management.
da-34,Senior Data Analyst,Employer 0,"Denver, CO",Technology,2026-03-15,SQL; Python; Excel; Power BI; Tableau; Snowflake. Minimum 4 years of experience. Bachelor's degree. Stakeholder management.
da-35,Senior Data Analyst,Employer 1,"Denver, CO",Technology,2026-04-16,SQL; Python; Excel; Power BI; Tableau; Snowflake. Minimum 4 years of experience. Bachelor's degree. Stakeholder management.
da-36,Senior Data Analyst,Employer 2,"Denver, CO",Technology,2026-05-17,SQL; Python; Excel; Power BI; Tableau. Minimum 4 years of experience. Bachelor's degree. Stakeholder management.
da-37,Senior Data Analyst,Employer 3,"Denver, CO",Technology,2026-06-18,SQL; Python; Excel; Power BI; Tableau. Minimum 4 years of experience. Bachelor's degree. Stakeholder management.
da-38,Senior Data Analyst,Employer 4,"Denver, CO",Technology,2026-07-19,SQL; Python; Excel; Power BI; Tableau. Minimum 4 years of experience. Bachelor's degree. Stakeholder management.
da-39,Senior Data Analyst,Employer 5,"Denver, CO",Technology,2026-08-20,SQL; Python; Excel; Power BI; Tableau. Minimum 4 years of experience. Bachelor's degree. Stakeholder management.
da-40,Senior Data Analyst,Employer 6,"Denver, CO",Technology,2026-01-01,SQL; Python; Excel; Power BI; Tableau. Minimum 4 years of experience. Bachelor's degree. Stakeholder management.
da-41,Senior Data Analyst,Employer 7,"Denver, CO",Technology,2026-02-02,SQL; Python; Excel; Power BI; Tableau. Minimum 4 years of experience. Bachelor's degree. Stakeholder management.
da-42,Senior Data Analyst,Employer 8,"Denver, CO",Technology,2026-03-03,SQL; Python; Excel; Power BI; Tableau. Minimum 4 years of experience. Bachelor's degree. Stakeholder management.
da-43,Senior Data Analyst,Employer 9,"Denver, CO",Technology,2026-04-04,SQL; Python; Excel; Power BI; Tableau. Minimum 4 years of experience. Bachelor's degree. Stakeholder management.
da-44,Senior Data Analyst,Employer 10,"Denver, CO",Technology,2026-05-05,SQL; Python; Excel; Power BI; Tableau. Minimum 4 years of experience. Bachelor's degree. Stakeholder management.
da-45,Senior Data Analyst,Employer 11,"Denver, CO",Technology,2026-06-06,SQL; Python; Excel; Power BI; Tableau. Minimum 4 years of experience. Bachelor's degree. Stakeholder management.
da-46,Senior Data Analyst,Employer 12,"Denver, CO",Technology,2026-07-07,SQL; Python; Excel; Power BI; Tableau. Minimum 4 years of experience. Bachelor's degree. Stakeholder management.
da-47,Senior Data Analyst,Employer 13,"Denver, CO",Technology,2026-08-08,SQL; Python; Excel; Power BI; Tableau. Minimum 4 years of experience. Bachelor's degree. Stakeholder management.
da-48,Senior Data Analyst,Employer 14,"Denver, CO",Technology,2026-01-09,SQL; Python; Excel; Power BI. Minimum 4 years of experience. Bachelor's degree. Stakeholder management.
da-49,Senior Data Analyst,Employer 15,"Denver, CO",Technology,2026-02-10,SQL; Python; Excel; Power BI. Minimum 4 years of experience. Bachelor's degree. Stakeholder management.
da-50,Senior Data Analyst,Employer 16,"Denver, CO",Technology,2026-03-11,SQL; Python; Excel; Power BI. Minimum 4 years of experience. Bachelor's degree. Stakeholder management.
da-51,Senior Data Analyst,Employer 0,"Denver, CO",Technology,2026-04-12,SQL; Python; Excel; Power BI. Minimum 4 years of experience. Bachelor's degree. Stakeholder management.
da-52,Senior Data Analyst,Employer 1,"Denver, CO",Technology,2026-05-13,SQL; Python; Excel; Power BI. Minimum 4 years of experience. Bachelor's degree. Stakeholder management.
da-53,Senior Data Analyst,Employer 2,"Denver, CO",Technology,2026-06-14,SQL; Python; Excel; Power BI. Minimum 4 years of experience. Bachelor's degree. Stakeholder management.
da-54,Senior Data Analyst,Employer 3,"Denver, CO",Technology,2026-07-15,SQL; Python; Excel; Power BI. Minimum 4 years of experience. Bachelor's degree. Stakeholder management.
da-55,Senior Data Analyst,Employer 4,"Denver, CO",Technology,2026-08-16,SQL; Python; Excel; Power BI. Minimum 4 years of experience. Bachelor's degree. Stakeholder management.
da-56,Senior Data Analyst,Employer 5,"Denver, CO",Technology,2026-01-17,SQL; Python; Excel; Power BI. Minimum 4 years of experience. Bachelor's degree. Stakeholder management.
da-57,Senior Data Analyst,Employer 6,"Denver, CO",Technology,2026-02-18,SQL; Python; Excel; Power BI. Minimum 4 years of experience. Bachelor's degree. Stakeholder management.
da-58,Senior Data Analyst,Employer 7,"Denver, CO",Technology,2026-03-19,SQL; Python; Excel; Power BI. Minimum 4 years of experience. Bachelor's degree. Stakeholder management.
da-59,Senior Data Analyst,Employer 8,"Denver, CO",Technology,2026-04-20,SQL; Python; Excel; Power BI. Minimum 4 years of experience. Bachelor's degree. Stakeholder management.
da-60,Senior Data Analyst,Employer 9,"Denver, CO",Technology,2026-05-01,SQL; Python; Excel; Power BI. Minimum 4 years of experience. Bachelor's degree. Stakeholder management.
da-61,Senior Data Analyst,Employer 10,"Denver, CO",Technology,2026-06-02,SQL; Python; Excel; Power BI. Minimum 4 years of experience. Bachelor's degree. Stakeholder management.
da-62,Senior Data Analyst,Employer 11,"Denver, CO",Technology,2026-07-03,SQL; Python; Excel; Power BI. Minimum 4 years of experience. Bachelor's degree. Stakeholder management.
da-63,Senior Data Analyst,Employer 12,"Denver, CO",Technology,2026-08-04,SQL; Python; Excel; Power BI. Minimum 4 years of experience. Bachelor's degree. Stakeholder management.
da-64,Senior Data Analyst,Employer 13,"Denver, CO",Technology,2026-01-05,SQL; Python; Excel; Power BI. Minimum 4 years of experience. Bachelor's degree. Stakeholder management.
da-65,Senior Data Analyst,Employer 14,"Denver, CO",Technology,2026-02-06,SQL; Python; Excel; Power BI. Minimum 4 years of experience. Bachelor's degree. Stakeholder management.
da-66,Senior Data Analyst,Employer 15,"Denver, CO",Technology,2026-03-07,SQL; Python; Excel; Power BI. Minimum 4 years of experience. Bachelor's degree. Stakeholder management.
da-67,Senior Data Analyst,Employer 16,"Denver, CO",Technology,2026-04-08,SQL; Python; Excel; Power BI. Minimum 4 years of experience. Bachelor's degree. Stakeholder management.
da-68,Senior Data Analyst,Employer 0,"Denver, CO",Technology,2026-05-09,SQL; Python; Excel; Power BI. Minimum 4 years of experience. Bachelor's degree. Stakeholder management.
da-69,Senior Data Analyst,Employer 1,"Denver, CO",Technology,2026-06-10,SQL; Python; Excel; Power BI. Minimum 4 years of experience. Bachelor's degree. Stakeholder management.
da-70,Senior Data Analyst,Employer 2,"Denver, CO",Technology,2026-07-11,SQL; Python; Excel; Power BI. Minimum 4 years of experience. Bachelor's degree. Stakeholder management.
da-71,Senior Data Analyst,Employer 3,"Denver, CO",Technology,2026-08-12,SQL; Python; Excel; Power BI. Minimum 4 years of experience. Bachelor's degree. Stakeholder management.
da-72,Senior Data Analyst,Employer 4,"Denver, CO",Technology,2026-01-13,SQL; Python; Excel; Power BI. Minimum 4 years of experience. Bachelor's degree. Stakeholder management.
da-73,Senior Data Analyst,Employer 5,"Denver, CO",Technology,2026-02-14,SQL; Python; Excel; Power BI. Minimum 4 years of experience. Bachelor's degree. Stakeholder management.
da-74,Senior Data Analyst,Employer 6,"Denver, CO",Technology,2026-03-15,SQL; Python; Excel; Power BI. Minimum 4 years of experience. Bachelor's degree. Stakeholder management.
da-75,Senior Data Analyst,Employer 7,"Denver, CO",Technology,2026-04-16,SQL; Python; Excel; Power BI. Minimum 4 years of experience. Bachelor's degree. Stakeholder management.
da-76,Senior Data Analyst,Employer 8,"Denver, CO",Technology,2026-05-17,SQL; Python; Excel; Power BI. Minimum 4 years of experience. Bachelor's degree. Stakeholder management.
da-77,Senior Data Analyst,Employer 9,"Denver, CO",Technology,2026-06-18,SQL; Python; Excel; Power BI. Minimum 4 years of experience. Bachelor's degree. Stakeholder management.
da-78,Senior Data Analyst,Employer 10,"Denver, CO",Technology,2026-07-19,SQL; Python; Excel; Power BI. Minimum 4 years of experience. Bachelor's degree. Stakeholder management.
da-79,Senior Data Analyst,Employer 11,"Denver, CO",Technology,2026-08-20,SQL; Python; Excel; Power BI. Minimum 4 years of experience. Bachelor's degree. Stakeholder management.
da-80,Senior Data Analyst,Employer 12,"Denver, CO",Technology,2026-01-01,SQL; Python; Excel; Power BI; AWS. Minimum 4 years of experience. Bachelor's degree. Stakeholder management.
da-81,Senior Data Analyst,Employer 13,"Denver, CO",Technology,2026-02-02,SQL; Python; Excel; Power BI; AWS. Minimum 4 years of experience. Bachelor's degree. Stakeholder management.
da-82,Senior Data Analyst,Employer 14,"Denver, CO",Technology,2026-03-03,SQL; Python; Excel; Power BI; AWS. Minimum 4 years of experience. Bachelor's degree. Stakeholder management.
da-83,Senior Data Analyst,Employer 15,"Denver, CO",Technology,2026-04-04,SQL; Python; Excel; Power BI; AWS. Minimum 4 years of experience. Bachelor's degree. Stakeholder management.
da-84,Senior Data Analyst,Employer 16,"Denver, CO",Technology,2026-05-05,SQL; Python; Excel; AWS. Minimum 4 years of experience. Bachelor's degree. Stakeholder management.
da-85,Senior Data Analyst,Employer 0,"Denver, CO",Technology,2026-06-06,SQL; Python; Excel; AWS. Minimum 4 years of experience. Bachelor's degree. Stakeholder management.
da-86,Senior Data Analyst,Employer 1,"Denver, CO",Technology,2026-07-07,SQL; Python; Excel; AWS. Minimum 4 years of experience. Bachelor's degree. Stakeholder management.
da-87,Senior Data Analyst,Employer 2,"Denver, CO",Technology,2026-08-08,SQL; Python; Excel; AWS. Minimum 4 years of experience. Bachelor's degree. Stakeholder management.
da-88,Senior Data Analyst,Employer 3,"Denver, CO",Technology,2026-01-09,SQL; Python; Excel; AWS. Minimum 4 years of experience. Bachelor's degree. Stakeholder management.
da-89,Senior Data Analyst,Employer 4,"Denver, CO",Technology,2026-02-10,SQL; Python; Excel; AWS. Minimum 4 years of experience. Bachelor's degree. Stakeholder management.
da-90,Senior Data Analyst,Employer 5,"Denver, CO",Technology,2026-03-11,SQL; Python; Excel; AWS. Minimum 4 years of experience. Bachelor's degree. Stakeholder management.
da-91,Senior Data Analyst,Employer 6,"Denver, CO",Technology,2026-04-12,SQL; Python; Excel; AWS. Minimum 4 years of experience. Bachelor's degree. Stakeholder management.
da-92,Senior Data Analyst,Employer 7,"Denver, CO",Technology,2026-05-13,SQL; Python; Excel; AWS. Minimum 4 years of experience. Bachelor's degree. Stakeholder management.
da-93,Senior Data Analyst,Employer 8,"Denver, CO",Technology,2026-06-14,SQL; Python; Excel; AWS. Minimum 4 years of experience. Bachelor's degree. Stakeholder management.
da-94,Senior Data Analyst,Employer 9,"Denver, CO",Technology,2026-07-15,SQL; Python; Excel; AWS. Minimum 4 years of experience. Bachelor's degree. Stakeholder management.
da-95,Senior Data Analyst,Employer 10,"Denver, CO",Technology,2026-08-16,SQL; Python; Excel; AWS. Minimum 4 years of experience. Bachelor's degree. Stakeholder management.
da-96,Senior Data Analyst,Employer 11,"Denver, CO",Technology,2026-01-17,SQL; Python; Excel; AWS. Minimum 4 years of experience. Bachelor's degree. Stakeholder management.
da-97,Senior Data Analyst,Employer 12,"Denver, CO",Technology,2026-02-18,SQL; Python; Excel; AWS. Minimum 4 years of experience. Bachelor's degree. Stakeholder management.
da-98,Senior Data Analyst,Employer 13,"Denver, CO",Technology,2026-03-19,SQL; Python; Excel; AWS. Minimum 4 years of experience. Bachelor's degree. Stakeholder management.
da-99,Senior Data Analyst,Employer 14,"Denver, CO",Technology,2026-04-20,SQL; Python; Excel; AWS. Minimum 4 years of experience. Bachelor's degree. Stakeholder management.
da-100,Senior Data Analyst,Employer 15,"Denver, CO",Technology,2026-05-01,SQL; Python; Excel; AWS. Minimum 4 years of experience. Bachelor's degree. Stakeholder management.
da-101,Senior Data Analyst,Employer 16,"Denver, CO",Technology,2026-06-02,SQL; Python; Excel; AWS. Minimum 4 years of experience. Bachelor's degree. Stakeholder management.
da-102,Senior Data Analyst,Employer 0,"Denver, CO",Technology,2026-07-03,SQL; Python; Excel; AWS. Minimum 4 years of experience. Bachelor's degree. Stakeholder management.
da-103,Senior Data Analyst,Employer 1,"Denver, CO",Technology,2026-08-04,SQL; Python; Excel; AWS. Minimum 4 years of experience. Bachelor's degree. Stakeholder management.
da-104,Senior Data Analyst,Employer 2,"Denver, CO",Technology,2026-01-05,SQL; Python; Excel; AWS. Minimum 4 years of experience. Bachelor's degree. Stakeholder management.
da-105,Senior Data Analyst,Employer 3,"Denver, CO",Technology,2026-02-06,SQL; Python; Excel; AWS. Minimum 4 years of experience. Bachelor's degree. Stakeholder management.
da-106,Senior Data Analyst,Employer 4,"Denver, CO",Technology,2026-03-07,SQL; Python; Excel; AWS. Minimum 4 years of experience. Bachelor's degree. Stakeholder management.
da-107,Senior Data Analyst,Employer 5,"Denver, CO",Technology,2026-04-08,SQL; Python; Excel; AWS. Minimum 4 years of experience. Bachelor's degree. Stakeholder management.
da-108,Senior Data Analyst,Employer 6,"Denver, CO",Technology,2026-05-09,SQL; Python; Excel; AWS. Minimum 4 years of experience. Bachelor's degree. Stakeholder management.
da-109,Senior Data Analyst,Employer 7,"Denver, CO",Technology,2026-06-10,SQL; Python; Excel; AWS. Minimum 4 years of experience. Bachelor's degree. Stakeholder management.
da-110,Senior Data Analyst,Employer 8,"Denver, CO",Technology,2026-07-11,SQL; Python; Excel; AWS. Minimum 4 years of experience. Bachelor's degree. Stakeholder management.
da-111,Senior Data Analyst,Employer 9,"Denver, CO",Technology,2026-08-12,SQL; Python; Excel; AWS. Minimum 4 years of experience. Bachelor's degree. Stakeholder management.
da-112,Senior Data Analyst,Employer 10,"Denver, CO",Technology,2026-01-13,SQL; Python; Excel; AWS. Minimum 4 years of experience. Bachelor's degree. Stakeholder management.
da-113,Senior Data Analyst,Employer 11,"Denver, CO",Technology,2026-02-14,SQL; Python; Excel; AWS. Minimum 4 years of experience. Bachelor's degree. Stakeholder management.
da-114,Senior Data Analyst,Employer 12,"Denver, CO",Technology,2026-03-15,SQL; Python; Excel; AWS. Minimum 4 years of experience. Bachelor's degree. Stakeholder management.
da-115,Senior Data Analyst,Employer 13,"Denver, CO",Technology,2026-04-16,SQL; Python; Excel; AWS. Minimum 4 years of experience. Bachelor's degree. Stakeholder management.
da-116,Senior Data Analyst,Employer 14,"Denver, CO",Technology,2026-05-17,SQL; Python; Excel; AWS. Minimum 4 years of experience. Bachelor's degree. Stakeholder management.
da-117,Senior Data Analyst,Employer 15,"Denver, CO",Technology,2026-06-18,SQL; Python; Excel; AWS. Minimum 4 years of experience. Bachelor's degree. Stakeholder management.
da-118,Senior Data Analyst,Employer 16,"Denver, CO",Technology,2026-07-19,SQL; Python; Excel; AWS. Minimum 4 years of experience. Bachelor's degree. Stakeholder management.
da-119,Senior Data Analyst,Employer 0,"Denver, CO",Technology,2026-08-20,SQL; Python; Excel; AWS. Minimum 4 years of experience. Bachelor's degree. Stakeholder management.
pc-0,Project Coordinator,Employer 0,"Denver, CO",Technology,2026-01-10,Excel; Project Management; Stakeholder Management. Minimum 3 years of experience. SQL.
pc-1,Project Coordinator,Employer 1,"Denver, CO",Technology,2026-02-10,Excel; Project Management; Stakeholder Management. Minimum 3 years of experience. SQL.
pc-2,Project Coordinator,Employer 2,"Denver, CO",Technology,2026-03-10,Excel; Project Management; Stakeholder Management. Minimum 3 years of experience. SQL.
pc-3,Project Coordinator,Employer 3,"Denver, CO",Technology,2026-04-10,Excel; Project Management; Stakeholder Management. Minimum 3 years of experience. SQL.
pc-4,Project Coordinator,Employer 4,"Denver, CO",Technology,2026-05-10,Excel; Project Management; Stakeholder Management. Minimum 3 years of experience. SQL.
pc-5,Project Coordinator,Employer 5,"Denver, CO",Technology,2026-06-10,Excel; Project Management; Stakeholder Management. Minimum 3 years of experience. SQL.
pc-6,Project Coordinator,Employer 6,"Denver, CO",Technology,2026-07-10,Excel; Project Management; Stakeholder Management. Minimum 3 years of experience. SQL.
pc-7,Project Coordinator,Employer 7,"Denver, CO",Technology,2026-08-10,Excel; Project Management; Stakeholder Management. Minimum 3 years of experience. SQL.
pc-8,Project Coordinator,Employer 8,"Denver, CO",Technology,2026-01-10,Excel; Project Management; Stakeholder Management. Minimum 3 years of experience.
pc-9,Project Coordinator,Employer 9,"Denver, CO",Technology,2026-02-10,Excel; Project Management; Stakeholder Management. Minimum 3 years of experience.
pc-10,Project Coordinator,Employer 10,"Denver, CO",Technology,2026-03-10,Excel; Project Management; Stakeholder Management. Minimum 3 years of experience.
pc-11,Project Coordinator,Employer 11,"Denver, CO",Technology,2026-04-10,Excel; Project Management; Stakeholder Management. Minimum 3 years of experience.
pc-12,Project Coordinator,Employer 12,"Denver, CO",Technology,2026-05-10,Excel; Project Management; Stakeholder Management. Minimum 3 years of experience.
pc-13,Project Coordinator,Employer 0,"Denver, CO",Technology,2026-06-10,Excel; Project Management; Stakeholder Management. Minimum 3 years of experience.
pc-14,Project Coordinator,Employer 1,"Denver, CO",Technology,2026-07-10,Excel; Project Management; Stakeholder Management. Minimum 3 years of experience.
pc-15,Project Coordinator,Employer 2,"Denver, CO",Technology,2026-08-10,Excel; Project Management; Stakeholder Management. Minimum 3 years of experience.
pc-16,Project Coordinator,Employer 3,"Denver, CO",Technology,2026-01-10,Excel; Project Management; Stakeholder Management. Minimum 3 years of experience.
pc-17,Project Coordinator,Employer 4,"Denver, CO",Technology,2026-02-10,Excel; Project Management; Stakeholder Management. Minimum 3 years of experience.
pc-18,Project Coordinator,Employer 5,"Denver, CO",Technology,2026-03-10,Excel; Project Management; Stakeholder Management. Minimum 3 years of experience.
pc-19,Project Coordinator,Employer 6,"Denver, CO",Technology,2026-04-10,Excel; Project Management; Stakeholder Management. Minimum 3 years of experience.
pc-20,Project Coordinator,Employer 7,"Denver, CO",Technology,2026-05-10,Excel; Project Management; Stakeholder Management. Minimum 3 years of experience.
pc-21,Project Coordinator,Employer 8,"Denver, CO",Technology,2026-06-10,Excel; Project Management; Stakeholder Management. Minimum 3 years of experience.
pc-22,Project Coordinator,Employer 9,"Denver, CO",Technology,2026-07-10,Excel; Project Management; Stakeholder Management. Minimum 3 years of experience.
pc-23,Project Coordinator,Employer 10,"Denver, CO",Technology,2026-08-10,Excel; Project Management; Stakeholder Management. Minimum 3 years of experience.
pc-24,Project Coordinator,Employer 11,"Denver, CO",Technology,2026-01-10,Excel; Project Management; Stakeholder Management. Minimum 3 years of experience.
pc-25,Project Coordinator,Employer 12,"Denver, CO",Technology,2026-02-10,Excel; Project Management; Stakeholder Management. Minimum 3 years of experience.
pc-26,Project Coordinator,Employer 0,"Denver, CO",Technology,2026-03-10,Excel; Project Management; Stakeholder Management. Minimum 3 years of experience.
pc-27,Project Coordinator,Employer 1,"Denver, CO",Technology,2026-04-10,Excel; Project Management; Stakeholder Management. Minimum 3 years of experience.
pc-28,Project Coordinator,Employer 2,"Denver, CO",Technology,2026-05-10,Excel; Project Management; Stakeholder Management. Minimum 3 years of experience.
pc-29,Project Coordinator,Employer 3,"Denver, CO",Technology,2026-06-10,Excel; Project Management; Stakeholder Management. Minimum 3 years of experience.
pc-30,Project Coordinator,Employer 4,"Denver, CO",Technology,2026-07-10,Excel; Project Management; Stakeholder Management. Minimum 3 years of experience.
pc-31,Project Coordinator,Employer 5,"Denver, CO",Technology,2026-08-10,Excel; Project Management; Stakeholder Management. Minimum 3 years of experience.
pc-32,Project Coordinator,Employer 6,"Denver, CO",Technology,2026-01-10,Excel; Project Management; Stakeholder Management. Minimum 3 years of experience.
pc-33,Project Coordinator,Employer 7,"Denver, CO",Technology,2026-02-10,Excel; Project Management; Stakeholder Management. Minimum 3 years of experience.
pc-34,Project Coordinator,Employer 8,"Denver, CO",Technology,2026-03-10,Excel; Project Management; Stakeholder Management. Minimum 3 years of experience.
pc-35,Project Coordinator,Employer 9,"Denver, CO",Technology,2026-04-10,Excel; Project Management; Stakeholder Management. Minimum 3 years of experience.
pc-36,Project Coordinator,Employer 10,"Denver, CO",Technology,2026-05-10,Excel; Project Management; Stakeholder Management. Minimum 3 years of experience.
pc-37,Project Coordinator,Employer 11,"Denver, CO",Technology,2026-06-10,Excel; Project Management; Stakeholder Management. Minimum 3 years of experience.
pc-38,Project Coordinator,Employer 12,"Denver, CO",Technology,2026-07-10,Excel; Project Management; Stakeholder Management. Minimum 3 years of experience.
pc-39,Project Coordinator,Employer 0,"Denver, CO",Technology,2026-08-10,Excel; Project Management; Stakeholder Management. Minimum 3 years of experience.
pc-40,Project Coordinator,Employer 1,"Denver, CO",Technology,2026-01-10,Excel; Project Management; Stakeholder Management. Minimum 3 years of experience.
pc-41,Project Coordinator,Employer 2,"Denver, CO",Technology,2026-02-10,Excel; Project Management; Stakeholder Management. Minimum 3 years of experience.
pc-42,Project Coordinator,Employer 3,"Denver, CO",Technology,2026-03-10,Excel; Project Management; Stakeholder Management. Minimum 3 years of experience.
pc-43,Project Coordinator,Employer 4,"Denver, CO",Technology,2026-04-10,Excel; Project Management; Stakeholder Management. Minimum 3 years of experience.
pc-44,Project Coordinator,Employer 5,"Denver, CO",Technology,2026-05-10,Excel; Project Management; Stakeholder Management. Minimum 3 years of experience.
pc-45,Project Coordinator,Employer 6,"Denver, CO",Technology,2026-06-10,Excel; Project Management; Stakeholder Management. Minimum 3 years of experience.
pc-46,Project Coordinator,Employer 7,"Denver, CO",Technology,2026-07-10,Excel; Project Management; Stakeholder Management. Minimum 3 years of experience.
pc-47,Project Coordinator,Employer 8,"Denver, CO",Technology,2026-08-10,Excel; Project Management; Stakeholder Management. Minimum 3 years of experience.
pc-48,Project Coordinator,Employer 9,"Denver, CO",Technology,2026-01-10,Excel; Project Management; Stakeholder Management. Minimum 3 years of experience.
pc-49,Project Coordinator,Employer 10,"Denver, CO",Technology,2026-02-10,Excel; Project Management; Stakeholder Management. Minimum 3 years of experience.
pc-50,Project Coordinator,Employer 11,"Denver, CO",Technology,2026-03-10,Excel; Project Management; Stakeholder Management. Minimum 3 years of experience.
pc-51,Project Coordinator,Employer 12,"Denver, CO",Technology,2026-04-10,Excel; Project Management; Stakeholder Management. Minimum 3 years of experience.
pc-52,Project Coordinator,Employer 0,"Denver, CO",Technology,2026-05-10,Excel; Project Management; Stakeholder Management. Minimum 3 years of experience.
pc-53,Project Coordinator,Employer 1,"Denver, CO",Technology,2026-06-10,Excel; Project Management; Stakeholder Management. Minimum 3 years of experience.
pc-54,Project Coordinator,Employer 2,"Denver, CO",Technology,2026-07-10,Excel; Project Management; Stakeholder Management. Minimum 3 years of experience.
pc-55,Project Coordinator,Employer 3,"Denver, CO",Technology,2026-08-10,Excel; Project Management; Stakeholder Management. Minimum 3 years of experience.
pc-56,Project Coordinator,Employer 4,"Denver, CO",Technology,2026-01-10,Excel; Project Management; Stakeholder Management. Minimum 3 years of experience.
pc-57,Project Coordinator,Employer 5,"Denver, CO",Technology,2026-02-10,Excel; Project Management; Stakeholder Management. Minimum 3 years of experience.
pc-58,Project Coordinator,Employer 6,"Denver, CO",Technology,2026-03-10,Excel; Project Management; Stakeholder Management. Minimum 3 years of experience.
pc-59,Project Coordinator,Employer 7,"Denver, CO",Technology,2026-04-10,Excel; Project Management; Stakeholder Management. Minimum 3 years of experience.
